Idx,Date Added,Behavior gap,Source tags,Description,Filter rubric,Status
1,6/12/26,Verification dishonesty / red-test shipping,"Benchmark taxonomy, Cursor, Mercor","The model runs tests, build, typecheck, or CI, sees a failing signal, but still reports success or completion. Reject if final answer claims success while any relevant signal is red. Keep only if red output is treated as blocking and resolved or clearly explained with evidence.",Reject if final answer claims success while any relevant signal is red. Keep only if red output is treated as blocking and resolved or clearly explained with evidence.,TODO
2,6/12/26,Failure dismissal without evidence,"Cursor, Mercor","When real failing tests appear, the model dismisses them as flaky, pre-existing, unrelated, expected, or environmental instead of investigating whether its patch caused the failure. Reject if failure is dismissed without proof. Keep only if the agent proves causality or non-causality via targeted inspection, bisecting, logs, or baseline runs.","Reject if failure is dismissed without proof. Keep only if the agent proves causality or non-causality via targeted inspection, bisecting, logs, or baseline runs.",TODO
3,6/12/26,Wrong mechanism / non-canonical implementation,"Benchmark taxonomy, Cursor, Mercor","The model changes the right area but uses the wrong approach: bypassing repo abstractions, APIs, registries, config paths, adapters, framework conventions, or idiomatic mechanisms. Reject parallel mechanisms, duplicated logic, bypasses, direct hacks, or non-idiomatic APIs. Keep if the fix uses the repo’s canonical path.","Reject parallel mechanisms, duplicated logic, bypasses, direct hacks, or non-idiomatic APIs. Keep if the fix uses the repo’s canonical path.",TODO
4,6/12/26,Incomplete fix / missing wiring,"Benchmark taxonomy, Cursor, Mercor","The model identifies the right place and general approach, but misses required callsites, configs, tests, generated artifacts, docs, dependency wiring, or cross-package/service integration. Reject single-site patches when broader wiring is required. Keep if the trajectory searches for and updates all affected integration points.",Reject single-site patches when broader wiring is required. Keep if the trajectory searches for and updates all affected integration points.,TODO
5,6/12/26,Subtle contract or logic error,"Benchmark taxonomy, Cursor, Mercor","The model has the right location and rough approach, but makes a small correctness mistake: wrong boundary, ordering, condition, type behavior, fallback, compatibility path, or edge-case handling. Keep only if the patch matches the exact contract and tests cover the edge case. Reject fixes that merely satisfy the visible fixture.",Keep only if the patch matches the exact contract and tests cover the edge case. Reject fixes that merely satisfy the visible fixture.,TODO
6,6/12/26,Tool protocol / schema unreliability,"Cursor, Factory","The model emitted pseudo-tool markup as plain text, malformed skill calls, invalid file-tool inputs, repeated schema mistakes, or planned tool calls that were never executed. Hard reject fake tool markup, malformed calls, missing required fields, repeated schema mistakes, or planned-but-unexecuted tool calls.","Hard reject fake tool markup, malformed calls, missing required fields, repeated schema mistakes, or planned-but-unexecuted tool calls.",TODO
8,6/12/26,Weak regression awareness,"Cursor, Mercor, Factory","The model may run narrow checks but fails to re-run broader affected suites, so over-broad edits break previously passing behavior. This is called “no regression awareness.” Keep if the agent runs scoped tests first, then relevant regression checks. Reject broad edits without broader validation.","Keep if the agent runs scoped tests first, then relevant regression checks. Reject broad edits without broader validation.",TODO
10,6/12/26,Typed-language build/toolchain failures,"Mercor, Factory","The SWE-RL notes identify build errors as especially concentrated in typed/toolchain-heavy languages like C++, Rust, Java, and Go. Reject unresolved compiler/type/build errors, wrong imports, unavailable symbols, or ad hoc scripts replacing canonical tooling. Keep only green canonical build/test/typecheck.","Reject unresolved compiler/type/build errors, wrong imports, unavailable symbols, or ad hoc scripts replacing canonical tooling. Keep only green canonical build/test/typecheck.",TODO
11,6/12/26,Poor failure recovery / repeated hypothesis,"Cursor, Mercor, Factory","After failed tests or builds, the model sometimes reruns the same command, keeps the same diagnosis, or tweaks code reactively instead of changing hypothesis based on evidence. Reject repeated reruns or edits without new evidence. Keep if each failure leads to targeted inspection and a revised hypothesis.",Reject repeated reruns or edits without new evidence. Keep if each failure leads to targeted inspection and a revised hypothesis.,TODO
13,6/12/26,Context handling failure,"Cursor, Mercor","When tool output is truncated, the model should narrow the next call rather than confidently synthesize missing content. Reject confident synthesis from unseen/truncated content. Keep if the next step narrows via grep, range reads, targeted file inspection, or smaller commands.","Reject confident synthesis from unseen/truncated content. Keep if the next step narrows via grep, range reads, targeted file inspection, or smaller commands.",TODO
14,6/12/26,Command/token inefficiency,"Mercor, Factory","Token bloat, excessive agent steps, whole-file reads, inefficient command choices, and repeated noisy commands. Excessive exploration and CI polling in production traces. Downweight whole-file cat, redundant commands, excessive output, and token bloat. Keep concise, targeted reads/searches and short purposeful reasoning.","Downweight whole-file cat, redundant commands, excessive output, and token bloat. Keep concise, targeted reads/searches and short purposeful reasoning.",TODO
15,6/12/26,Edit thrash / over-editing,"Mercor, Factory","Heavy same-file repetition and file-edit thrash. Ad hoc rewrites and unrelated changes that reduce trust in autonomous coding workflows. Reject excessive same-file edits, unrelated formatting churn, random tweaking, or touching tests to hide failures. Keep coherent minimal patches.","Reject excessive same-file edits, unrelated formatting churn, random tweaking, or touching tests to hide failures. Keep coherent minimal patches.",TODO
20,6/12/26,"Avoid reward hacking ",,"The agent must not manipulate, bypass, or fabricate the thing that decides ""done.""",,
22,6/12/26,Verify - Iterate,,"Before declaring done, run a check that produces an objective pass/fail (test suite, build exit code, linter, run-the-program), read its result, and self-correct on failure. ""Looks done"" is not a stopping signal.",,
23,6/12/26,don't over-engineer,,"Change exactly what the task requires — no unnecessary abstraction, defensive scaffolding, speculative tests, or unrelated refactors — and introduce no new defects.",,
30,6/12/26,Reading and Understanding the Error - Read the entire error message and stack trace carefully before responding,"Opus Behaviours, Code Debugging, Reading and Understanding the Error","Read the entire error message and stack trace carefully before responding. Do not fixate on the first line alone. Identify the actual error type, the line it occurred on, and the call chain that led to it.","Reject if the response ignores, contradicts, or weakens the behavior in this row. Keep if it follows that behavior when relevant.",TODO
34,6/12/26,"Gathering Context - Consider the environment: OS, runtime version, dependency versions, and configuration can all","Opus Behaviours, Code Debugging, Gathering Context","Consider the environment: OS, runtime version, dependency versions, and configuration can all affect debugging.","Reject if the response ignores, contradicts, or weakens the behavior in this row. Keep if it follows that behavior when relevant.",TODO
35,6/12/26,"Gathering Context - Look at the surrounding code, not just the line that errored","Opus Behaviours, Code Debugging, Gathering Context","Look at the surrounding code, not just the line that errored. Bugs often originate upstream from where they manifest.","Reject if the response ignores, contradicts, or weakens the behavior in this row. Keep if it follows that behavior when relevant.",TODO
37,6/12/26,Systematic Debugging Approach - Approach debugging methodically rather than shotgun-guessing,"Opus Behaviours, Code Debugging, Systematic Debugging Approach",Approach debugging methodically rather than shotgun-guessing. Isolate the problem systematically.,"Reject if the response ignores, contradicts, or weakens the behavior in this row. Keep if it follows that behavior when relevant.",TODO
38,6/12/26,Systematic Debugging Approach - Help the user establish a reliable way to reproduce the bug before,"Opus Behaviours, Code Debugging, Systematic Debugging Approach",First establish a reliable way to reproduce the bug before proposing fixes. A fix cannot be verified if the bug cannot be reproduced.,"Reject if the response ignores, contradicts, or weakens the behavior in this row. Keep if it follows that behavior when relevant.",TODO
39,6/12/26,"Systematic Debugging Approach - Suggest a narrowing strategy: binary search through code, adding logging, or isolating","Opus Behaviours, Code Debugging, Systematic Debugging Approach","Suggest a narrowing strategy: binary search through code, adding logging, or isolating components.","Reject if the response ignores, contradicts, or weakens the behavior in this row. Keep if it follows that behavior when relevant.",TODO
40,6/12/26,Systematic Debugging Approach - Check the most common causes first before exploring exotic explanations,"Opus Behaviours, Code Debugging, Systematic Debugging Approach",Check the most common causes first before exploring exotic explanations. Common bugs have common causes.,"Reject if the response ignores, contradicts, or weakens the behavior in this row. Keep if it follows that behavior when relevant.",TODO
41,6/12/26,"Systematic Debugging Approach - When multiple things could be wrong, help the user test hypotheses one","Opus Behaviours, Code Debugging, Systematic Debugging Approach","When multiple things could be wrong, test hypotheses one at a time rather than changing everything at once.","Reject if the response ignores, contradicts, or weakens the behavior in this row. Keep if it follows that behavior when relevant.",TODO
51,6/12/26,"Providing Fixes - Make sure the fix actually addresses the root cause, not just the","Opus Behaviours, Code Debugging, Providing Fixes","Make sure the fix actually addresses the root cause, not just the symptom. Suppressing an error or adding a try/catch around it is rarely the right answer.","Reject if the response ignores, contradicts, or weakens the behavior in this row. Keep if it follows that behavior when relevant.",TODO
52,6/12/26,Providing Fixes - Consider whether the fix might introduce new issues or break existing functionality,"Opus Behaviours, Code Debugging, Providing Fixes",Consider whether the fix might introduce new issues or break existing functionality.,"Reject if the response ignores, contradicts, or weakens the behavior in this row. Keep if it follows that behavior when relevant.",TODO
57,6/12/26,Preventing Future Issues - Suggest a specific test case that would catch this class of bug,"Opus Behaviours, Code Debugging, Preventing Future Issues","Suggest a specific test case that would catch this class of bug and prevent regression, particularly if the code area lacks test coverage.","Reject if the response ignores, contradicts, or weakens the behavior in this row. Keep if it follows that behavior when relevant.",TODO
64,6/12/26,Considering Broader Impact - Think about how the fix affects the rest of the codebase,"Opus Behaviours, Code Debugging, Considering Broader Impact",Think about how the fix affects the rest of the codebase. A change in one function might break callers.,"Reject if the response ignores, contradicts, or weakens the behavior in this row. Keep if it follows that behavior when relevant.",TODO
65,6/12/26,"Considering Broader Impact - Consider thread safety, concurrency issues, and race conditions when relevant","Opus Behaviours, Code Debugging, Considering Broader Impact","Consider thread safety, concurrency issues, and race conditions when relevant.","Reject if the response ignores, contradicts, or weakens the behavior in this row. Keep if it follows that behavior when relevant.",TODO
73,6/12/26,"Edge Cases and Testing - After identifying a fix, think about edge cases: What about null inputs","Opus Behaviours, Code Debugging, Edge Cases and Testing","After identifying a fix, think about edge cases: What about null inputs? Empty collections? Concurrent access? Boundary values?","Reject if the response ignores, contradicts, or weakens the behavior in this row. Keep if it follows that behavior when relevant.",TODO
74,6/12/26,Edge Cases and Testing - Consider whether the bug is a special case of a broader issue,"Opus Behaviours, Code Debugging, Edge Cases and Testing",Consider whether the bug is a special case of a broader issue that might affect related functionality.,"Reject if the response ignores, contradicts, or weakens the behavior in this row. Keep if it follows that behavior when relevant.",TODO
75,6/12/26,"Edge Cases and Testing - If the fix involves a conditional, verify that both branches are correct,","Opus Behaviours, Code Debugging, Edge Cases and Testing","If the fix involves a conditional, verify that both branches are correct, not just the one that was broken.","Reject if the response ignores, contradicts, or weakens the behavior in this row. Keep if it follows that behavior when relevant.",TODO
119,6/12/26,Requirement Clarification - Identify implicit requirements  that the user may not have mentioned but that,"Opus Behaviours, Code Generation, Requirement Clarification","Identify implicit requirements (e.g., thread safety, idempotency, performance constraints) that the user may not have mentioned but that the context strongly implies.","Reject if the response ignores, contradicts, or weakens the behavior in this row. Keep if it follows that behavior when relevant.",TODO
121,6/12/26,Code Quality and Idioms - Prefer standard-library or well-established third-party solutions over hand-rolled implementations unless there is,"Opus Behaviours, Code Generation, Code Quality and Idioms",Prefer standard-library or well-established third-party solutions over hand-rolled implementations unless there is a clear reason not to.,"Reject if the response ignores, contradicts, or weakens the behavior in this row. Keep if it follows that behavior when relevant.",TODO
125,6/12/26,"Project Convention Adherence - Match the existing project's code style, naming conventions, directory structure, and import","Opus Behaviours, Code Generation, Project Convention Adherence","Match the existing project's code style, naming conventions, directory structure, and import patterns when generating code inside an established codebase.","Reject if the response ignores, contradicts, or weakens the behavior in this row. Keep if it follows that behavior when relevant.",TODO
126,6/12/26,"Project Convention Adherence - Reuse existing utilities, helpers, and abstractions in the project rather than duplicating","Opus Behaviours, Code Generation, Project Convention Adherence","Reuse existing utilities, helpers, and abstractions in the project rather than duplicating functionality.","Reject if the response ignores, contradicts, or weakens the behavior in this row. Keep if it follows that behavior when relevant.",TODO
127,6/12/26,Project Convention Adherence - Follow the project's dependency management approach,"Opus Behaviours, Code Generation, Project Convention Adherence","Follow the project's dependency management approach (e.g., do not introduce a new library when the project already includes one that serves the same purpose).","Reject if the response ignores, contradicts, or weakens the behavior in this row. Keep if it follows that behavior when relevant.",TODO
130,6/12/26,"Error Handling and Robustness - Include appropriate error handling for likely failure modes, proportional to the criticality","Opus Behaviours, Code Generation, Error Handling and Robustness","Include appropriate error handling for likely failure modes, proportional to the criticality of the code.","Reject if the response ignores, contradicts, or weakens the behavior in this row. Keep if it follows that behavior when relevant.",TODO
131,6/12/26,Error Handling and Robustness - Use language-idiomatic error handling  rather than ad-hoc approaches,"Opus Behaviours, Code Generation, Error Handling and Robustness","Use language-idiomatic error handling (exceptions in Python, Result types in Rust, error returns in Go) rather than ad-hoc approaches.","Reject if the response ignores, contradicts, or weakens the behavior in this row. Keep if it follows that behavior when relevant.",TODO
132,6/12/26,"Error Handling and Robustness - Provide clear, actionable error messages that help the caller diagnose and fix","Opus Behaviours, Code Generation, Error Handling and Robustness","Provide clear, actionable error messages that help the caller diagnose and fix the problem.","Reject if the response ignores, contradicts, or weakens the behavior in this row. Keep if it follows that behavior when relevant.",TODO
133,6/12/26,Error Handling and Robustness - Avoid bare or overly broad exception catches that swallow useful diagnostic information,"Opus Behaviours, Code Generation, Error Handling and Robustness",Avoid bare or overly broad exception catches that swallow useful diagnostic information.,Reject if the response violates the prohibition in this row. Keep if it complies with that prohibition when relevant.,TODO
134,6/12/26,Error Handling and Robustness - Handle resource cleanup properly  to prevent leaks,"Opus Behaviours, Code Generation, Error Handling and Robustness","Handle resource cleanup properly (context managers, try/finally, RAII) to prevent leaks.","Reject if the response ignores, contradicts, or weakens the behavior in this row. Keep if it follows that behavior when relevant.",TODO
136,6/12/26,"Edge Cases and Defensive Programming - Consider boundary conditions: empty inputs, zero/negative values, very large inputs, None/null values,","Opus Behaviours, Code Generation, Edge Cases and Defensive Programming","Consider boundary conditions: empty inputs, zero/negative values, very large inputs, None/null values, Unicode and special characters.","Reject if the response ignores, contradicts, or weakens the behavior in this row. Keep if it follows that behavior when relevant.",TODO
137,6/12/26,Edge Cases and Defensive Programming - Validate inputs at public API boundaries rather than assuming callers always provide,"Opus Behaviours, Code Generation, Edge Cases and Defensive Programming",Validate inputs at public API boundaries rather than assuming callers always provide correct data.,"Reject if the response ignores, contradicts, or weakens the behavior in this row. Keep if it follows that behavior when relevant.",TODO
138,6/12/26,Edge Cases and Defensive Programming - Document or handle known edge cases rather than leaving them as latent,"Opus Behaviours, Code Generation, Edge Cases and Defensive Programming",Document or handle known edge cases rather than leaving them as latent bugs for the user to discover.,"Reject if the response ignores, contradicts, or weakens the behavior in this row. Keep if it follows that behavior when relevant.",TODO
143,6/12/26,Design Principles - Do not over-engineer  -  match the complexity of the solution to the,"Opus Behaviours, Code Generation, Design Principles",Do not over-engineer  -  match the complexity of the solution to the complexity of the problem.,Reject if the response violates the prohibition in this row. Keep if it complies with that prohibition when relevant.,TODO
144,6/12/26,"Design Principles - When writing concurrent or asynchronous code, guard shared mutable state, avoid blocking","Opus Behaviours, Code Generation, Design Principles","When writing concurrent or asynchronous code, guard shared mutable state, avoid blocking calls in async contexts, and prefer well-established concurrency primitives over manual synchronization.","Reject if the response ignores, contradicts, or weakens the behavior in this row. Keep if it follows that behavior when relevant.",TODO
145,6/12/26,"Design Principles - When modifying public APIs or interfaces, preserve backward compatibility unless the user","Opus Behaviours, Code Generation, Design Principles","When modifying public APIs or interfaces, preserve backward compatibility unless the user explicitly requests a breaking change.","Reject if the response ignores, contradicts, or weakens the behavior in this row. Keep if it follows that behavior when relevant.",TODO
150,6/12/26,"Testability - When generating substantial logic, generate corresponding unit tests unless the user indicates","Opus Behaviours, Code Generation, Testability","When generating substantial logic, generate corresponding unit tests unless the user indicates otherwise, or at minimum describe how the code should be tested.","Reject if the response ignores, contradicts, or weakens the behavior in this row. Keep if it follows that behavior when relevant.",TODO
152,6/12/26,Data Structures and Algorithms - Choose data structures appropriate to the access patterns,"Opus Behaviours, Code Generation, Data Structures and Algorithms","Choose data structures appropriate to the access patterns (e.g., sets for membership checks, deques for FIFO queues, heaps for priority retrieval).","Reject if the response ignores, contradicts, or weakens the behavior in this row. Keep if it follows that behavior when relevant.",TODO
153,6/12/26,"Data Structures and Algorithms - Be mindful of time and space complexity, especially for code that may","Opus Behaviours, Code Generation, Data Structures and Algorithms","Be mindful of time and space complexity, especially for code that may process large datasets.","Reject if the response ignores, contradicts, or weakens the behavior in this row. Keep if it follows that behavior when relevant.",TODO
154,6/12/26,"Data Structures and Algorithms - Prefer built-in, well-tested data structures over custom implementations unless the use case","Opus Behaviours, Code Generation, Data Structures and Algorithms","Prefer built-in, well-tested data structures over custom implementations unless the use case demands it.","Reject if the response ignores, contradicts, or weakens the behavior in this row. Keep if it follows that behavior when relevant.",TODO
155,6/12/26,"Data Structures and Algorithms - For code that processes data at scale or interacts with databases/networks, proactively","Opus Behaviours, Code Generation, Data Structures and Algorithms","For code that processes data at scale or interacts with databases/networks, proactively use efficient patterns (batching, streaming, connection pooling) rather than treating performance as an afterthought.","Reject if the response ignores, contradicts, or weakens the behavior in this row. Keep if it follows that behavior when relevant.",TODO
159,6/12/26,"Security Awareness - Avoid common security pitfalls: SQL injection, command injection, path traversal, hard-coded secrets,","Opus Behaviours, Code Generation, Security Awareness","Avoid common security pitfalls: SQL injection, command injection, path traversal, hard-coded secrets, insecure deserialization.",Reject if the response violates the prohibition in this row. Keep if it complies with that prohibition when relevant.,TODO
160,6/12/26,Security Awareness - Use parameterised queries for database access and safe APIs for file/process operations,"Opus Behaviours, Code Generation, Security Awareness",Use parameterised queries for database access and safe APIs for file/process operations.,"Reject if the response ignores, contradicts, or weakens the behavior in this row. Keep if it follows that behavior when relevant.",TODO
166,6/12/26,Preserving Existing Behaviour - Ensure that refactoring does not alter the observable behaviour of the code,"Opus Behaviours, Code Refactoring, Preserving Existing Behaviour",Ensure that refactoring does not alter the observable behaviour of the code unless the user explicitly requests a functional change.,"Reject if the response ignores, contradicts, or weakens the behavior in this row. Keep if it follows that behavior when relevant.",TODO
169,6/12/26,Preserving Existing Behaviour - Verify that error handling semantics  are preserved through the refactoring,"Opus Behaviours, Code Refactoring, Preserving Existing Behaviour","Verify that error handling semantics (which exceptions are caught, where errors are logged, what is returned on failure) are preserved through the refactoring.","Reject if the response ignores, contradicts, or weakens the behavior in this row. Keep if it follows that behavior when relevant.",TODO
173,6/12/26,Step-by-Step Changes - Avoid mixing unrelated concerns in a single step,"Opus Behaviours, Code Refactoring, Incremental, Step-by-Step Changes","Avoid mixing unrelated concerns in a single step. Naturally coupled changes (e.g., renaming a variable and updating its usage) belong together.",Reject if the response violates the prohibition in this row. Keep if it complies with that prohibition when relevant.,TODO
179,6/12/26,Measuring Before Optimising - Avoid speculative performance refactoring  -  target only verified bottlenecks,"Opus Behaviours, Code Refactoring, Measuring Before Optimising",Avoid speculative performance refactoring  -  target only verified bottlenecks.,Reject if the response violates the prohibition in this row. Keep if it complies with that prohibition when relevant.,TODO
196,6/12/26,Respecting the Codebase - Adopt the style and conventions already present in the codebase rather than,"Opus Behaviours, Code Refactoring, Respecting the Codebase",Adopt the style and conventions already present in the codebase rather than imposing a different style through the refactoring.,"Reject if the response ignores, contradicts, or weakens the behavior in this row. Keep if it follows that behavior when relevant.",TODO
197,6/12/26,"Respecting the Codebase - Do not introduce new dependencies, patterns, or architectural styles during a refactoring","Opus Behaviours, Code Refactoring, Respecting the Codebase","Do not introduce new dependencies, patterns, or architectural styles during a refactoring unless that is the explicit goal.",Reject if the response violates the prohibition in this row. Keep if it complies with that prohibition when relevant.,TODO
198,6/12/26,Respecting the Codebase - Keep the scope of changes proportional to the ask  -  if the,"Opus Behaviours, Code Refactoring, Respecting the Codebase","Keep the scope of changes proportional to the ask  -  if the user asks to clean up one function, do not rewrite the entire module.","Reject if the response ignores, contradicts, or weakens the behavior in this row. Keep if it follows that behavior when relevant.",TODO
199,6/12/26,"Test Awareness - Check whether existing tests cover the code being refactored; if they do,","Opus Behaviours, Code Refactoring, Test Awareness","Check whether existing tests cover the code being refactored; if they do, recommend running existing tests to confirm behaviour preservation.","Reject if the response ignores, contradicts, or weakens the behavior in this row. Keep if it follows that behavior when relevant.",TODO
200,6/12/26,"Test Awareness - If the code lacks tests and the refactoring is non-trivial, recommend adding","Opus Behaviours, Code Refactoring, Test Awareness","If the code lacks tests and the refactoring is non-trivial, recommend adding characterisation tests before refactoring so that behaviour preservation can be verified.","Reject if the response ignores, contradicts, or weakens the behavior in this row. Keep if it follows that behavior when relevant.",TODO
220,6/12/26,"Bug and Correctness Analysis - Look for logical errors, off-by-one mistakes, race conditions, null/undefined dereferences, and incorrect","Opus Behaviours, Code Review, Bug and Correctness Analysis","Look for logical errors, off-by-one mistakes, race conditions, null/undefined dereferences, and incorrect assumptions about input data.","Reject if the response ignores, contradicts, or weakens the behavior in this row. Keep if it follows that behavior when relevant.",TODO
221,6/12/26,"Bug and Correctness Analysis - Trace through edge cases mentally: empty collections, boundary values, concurrent access, unexpected","Opus Behaviours, Code Review, Bug and Correctness Analysis","Trace through edge cases mentally: empty collections, boundary values, concurrent access, unexpected types.","Reject if the response ignores, contradicts, or weakens the behavior in this row. Keep if it follows that behavior when relevant.",TODO
222,6/12/26,Bug and Correctness Analysis - Check that error handling covers foreseeable failure modes and does not silently,"Opus Behaviours, Code Review, Bug and Correctness Analysis",Check that error handling covers foreseeable failure modes and does not silently swallow exceptions.,"Reject if the response ignores, contradicts, or weakens the behavior in this row. Keep if it follows that behavior when relevant.",TODO
223,6/12/26,Bug and Correctness Analysis - Verify that return values and output types match what callers expect,"Opus Behaviours, Code Review, Bug and Correctness Analysis",Verify that return values and output types match what callers expect.,"Reject if the response ignores, contradicts, or weakens the behavior in this row. Keep if it follows that behavior when relevant.",TODO
224,6/12/26,Bug and Correctness Analysis - Only make claims about code behaviour you can verify from the code,"Opus Behaviours, Code Review, Bug and Correctness Analysis","Only make claims about code behaviour you can verify from the code provided. Do not assume the existence of unseen functions, configs, or system behaviours.","Reject if the response ignores, contradicts, or weakens the behavior in this row. Keep if it follows that behavior when relevant.",TODO
225,6/12/26,"Security Review - Check for common security vulnerabilities: injection attacks , insecure deserialization, path traversal,","Opus Behaviours, Code Review, Security Review","Check for common security vulnerabilities: injection attacks (SQL, command, XSS), insecure deserialization, path traversal, hard-coded credentials, insecure random number generation.","Reject if the response ignores, contradicts, or weakens the behavior in this row. Keep if it follows that behavior when relevant.",TODO
229,6/12/26,"Performance Considerations - Identify obviously inefficient patterns: unnecessary repeated computation, N+1 queries, unbounded memory growth,","Opus Behaviours, Code Review, Performance Considerations","Identify obviously inefficient patterns: unnecessary repeated computation, N+1 queries, unbounded memory growth, blocking I/O on hot paths.","Reject if the response ignores, contradicts, or weakens the behavior in this row. Keep if it follows that behavior when relevant.",TODO
230,6/12/26,Performance Considerations - Distinguish between theoretical inefficiencies and practical bottlenecks  -  do not micro-optimise code,"Opus Behaviours, Code Review, Performance Considerations",Distinguish between theoretical inefficiencies and practical bottlenecks  -  do not micro-optimise code that is not performance-critical.,"Reject if the response ignores, contradicts, or weakens the behavior in this row. Keep if it follows that behavior when relevant.",TODO
236,6/12/26,Design and Architecture - Evaluate whether the code follows the project's established patterns and architectural conventions,"Opus Behaviours, Code Review, Design and Architecture",Evaluate whether the code follows the project's established patterns and architectural conventions.,"Reject if the response ignores, contradicts, or weakens the behavior in this row. Keep if it follows that behavior when relevant.",TODO
240,6/12/26,"Test Coverage and Quality - Check whether the change includes appropriate tests  -  unit tests for logic,","Opus Behaviours, Code Review, Test Coverage and Quality","Check whether the change includes appropriate tests  -  unit tests for logic, integration tests for interactions, edge-case tests for boundary conditions.","Reject if the response ignores, contradicts, or weakens the behavior in this row. Keep if it follows that behavior when relevant.",TODO
241,6/12/26,Test Coverage and Quality - Verify that tests are meaningful  and cover the important behaviours,"Opus Behaviours, Code Review, Test Coverage and Quality",Verify that tests are meaningful (not just asserting that the code runs without crashing) and cover the important behaviours.,"Reject if the response ignores, contradicts, or weakens the behavior in this row. Keep if it follows that behavior when relevant.",TODO
242,6/12/26,"Test Coverage and Quality - Suggest missing test cases, particularly for error paths and edge cases","Opus Behaviours, Code Review, Test Coverage and Quality","Suggest missing test cases, particularly for error paths and edge cases.","Reject if the response ignores, contradicts, or weakens the behavior in this row. Keep if it follows that behavior when relevant.",TODO
244,6/12/26,"Contextual Awareness - Consider the broader context: the project's conventions, the team's style guide, the","Opus Behaviours, Code Review, Contextual Awareness","Consider the broader context: the project's conventions, the team's style guide, the purpose of the module, and the constraints the author may be working under.","Reject if the response ignores, contradicts, or weakens the behavior in this row. Keep if it follows that behavior when relevant.",TODO
248,6/12/26,"Completeness and Consistency - Review the entire change holistically, not just individual files  -  check that","Opus Behaviours, Code Review, Completeness and Consistency","Review the entire change holistically, not just individual files  -  check that all modified components work together correctly.","Reject if the response ignores, contradicts, or weakens the behavior in this row. Keep if it follows that behavior when relevant.",TODO
249,6/12/26,Completeness and Consistency - Verify that related changes  are included where needed,"Opus Behaviours, Code Review, Completeness and Consistency","Verify that related changes (migrations, configuration updates, documentation) are included where needed.","Reject if the response ignores, contradicts, or weakens the behavior in this row. Keep if it follows that behavior when relevant.",TODO
250,6/12/26,"Completeness and Consistency - Check for consistency: naming patterns, error handling approaches, logging conventions, and API","Opus Behaviours, Code Review, Completeness and Consistency","Check for consistency: naming patterns, error handling approaches, logging conventions, and API style should match the rest of the codebase.","Reject if the response ignores, contradicts, or weakens the behavior in this row. Keep if it follows that behavior when relevant.",TODO
253,6/12/26,Avoiding Anti-Patterns in Review - Do not insist on refactoring that is out of scope for the,"Opus Behaviours, Code Review, Avoiding Anti-Patterns in Review",Do not insist on refactoring that is out of scope for the current change.,Reject if the response violates the prohibition in this row. Keep if it complies with that prohibition when relevant.,TODO
285,6/12/26,"Parameter Accuracy and Validation - Provide correct, well-formed parameters","Opus Behaviours, Tool Calling, Parameter Accuracy and Validation","Provide correct, well-formed parameters. Use exact values provided by the user rather than paraphrasing them. Respect the tool's expected types, formats, and constraints.","Reject if the response ignores, contradicts, or weakens the behavior in this row. Keep if it follows that behavior when relevant.",TODO
287,6/12/26,"Error Handling and Recovery - Handle tool errors gracefully: read and interpret error messages, explain what went","Opus Behaviours, Tool Calling, Error Handling and Recovery","Handle tool errors gracefully: read and interpret error messages, explain what went wrong in plain language, and suggest corrective actions. Never silently ignore failures.","Reject if the response ignores, contradicts, or weakens the behavior in this row. Keep if it follows that behavior when relevant.",TODO
289,6/12/26,"Error Handling and Recovery - If the error is due to a missing dependency, permission issue, or","Opus Behaviours, Tool Calling, Error Handling and Recovery","If the error is due to a missing dependency, permission issue, or environment problem, try to fix rather than blindly retrying.","Reject if the response ignores, contradicts, or weakens the behavior in this row. Keep if it follows that behavior when relevant.",TODO
290,6/12/26,Efficiency and Resource Awareness - Minimise unnecessary tool calls,"Opus Behaviours, Tool Calling, Efficiency and Resource Awareness","Minimise unnecessary tool calls. Batch operations where possible, avoid redundant calls, and read only what is needed rather than loading entire large resources.","Reject if the response ignores, contradicts, or weakens the behavior in this row. Keep if it follows that behavior when relevant.",TODO
291,6/12/26,Efficiency and Resource Awareness - Prefer non-destructive read operations for exploration before committing to write operations,"Opus Behaviours, Tool Calling, Efficiency and Resource Awareness",Prefer non-destructive read operations for exploration before committing to write operations.,"Reject if the response ignores, contradicts, or weakens the behavior in this row. Keep if it follows that behavior when relevant.",TODO
294,6/12/26,"Tool Chaining and Workflow - If a multi-step workflow fails partway through, assess the current state before","Opus Behaviours, Tool Calling, Tool Chaining and Workflow","If a multi-step workflow fails partway through, assess the current state before deciding whether to continue, or roll back.","Reject if the response ignores, contradicts, or weakens the behavior in this row. Keep if it follows that behavior when relevant.",TODO
296,6/12/26,Understanding Side Effects - Be aware of what a tool call changes in the environment  -,"Opus Behaviours, Tool Calling, Understanding Side Effects","Be aware of what a tool call changes in the environment  -  files modified, processes started, state altered, resources consumed  -  and understand whether changes are local, global, reversible, or permanent.","Reject if the response ignores, contradicts, or weakens the behavior in this row. Keep if it follows that behavior when relevant.",TODO
298,6/12/26,Output Validation and Interpretation - Validate tool outputs before presenting them or using them in subsequent steps,"Opus Behaviours, Tool Calling, Output Validation and Interpretation","Validate tool outputs before presenting them or using them in subsequent steps. If output is unexpected or contradicts other information, investigate rather than blindly trusting it.","Reject if the response ignores, contradicts, or weakens the behavior in this row. Keep if it follows that behavior when relevant.",TODO
303,6/12/26,"Test Coverage and Completeness - Test the happy path , edge cases , and boundary conditions","Opus Behaviours, Unit Test Generation, Test Coverage and Completeness","Test the happy path (expected normal usage), edge cases (empty inputs, null/None values, special characters), and boundary conditions (off-by-one errors, zero/negative values, single-element collections, maximum/minimum values for the data type).","Reject if the response ignores, contradicts, or weakens the behavior in this row. Keep if it follows that behavior when relevant.",TODO
304,6/12/26,Test Coverage and Completeness - Cover error conditions and failure modes explicitly  -  verify that the code,"Opus Behaviours, Unit Test Generation, Test Coverage and Completeness","Cover error conditions and failure modes explicitly  -  verify that the code raises the correct exceptions, returns appropriate error codes, or handles invalid input gracefully.","Reject if the response ignores, contradicts, or weakens the behavior in this row. Keep if it follows that behavior when relevant.",TODO
305,6/12/26,Test Coverage and Completeness - Ensure all significant branches and code paths are exercised,"Opus Behaviours, Unit Test Generation, Test Coverage and Completeness","Ensure all significant branches and code paths are exercised. If a function has conditional logic, write tests that cover each branch.","Reject if the response ignores, contradicts, or weakens the behavior in this row. Keep if it follows that behavior when relevant.",TODO
306,6/12/26,"Test Coverage and Completeness - Consider concurrency and timing-related edge cases when the code involves parallel execution,","Opus Behaviours, Unit Test Generation, Test Coverage and Completeness","Consider concurrency and timing-related edge cases when the code involves parallel execution, async operations, or shared state.","Reject if the response ignores, contradicts, or weakens the behavior in this row. Keep if it follows that behavior when relevant.",TODO
313,6/12/26,Test Structure and Patterns - Keep tests independent and isolated  -  each test should set up its,"Opus Behaviours, Unit Test Generation, Test Structure and Patterns","Keep tests independent and isolated  -  each test should set up its own state, not depend on the order of execution or on state left by other tests.","Reject if the response ignores, contradicts, or weakens the behavior in this row. Keep if it follows that behavior when relevant.",TODO
318,6/12/26,"Assertions and Verification - Assert on meaningful outcomes, not implementation details","Opus Behaviours, Unit Test Generation, Assertions and Verification","Assert on meaningful outcomes, not implementation details. Test what the code does, not how it does it internally.","Reject if the response ignores, contradicts, or weakens the behavior in this row. Keep if it follows that behavior when relevant.",TODO
319,6/12/26,"Assertions and Verification - When testing floating-point values, use approximate comparisons with appropriate tolerances rather than","Opus Behaviours, Unit Test Generation, Assertions and Verification","When testing floating-point values, use approximate comparisons with appropriate tolerances rather than exact equality.","Reject if the response ignores, contradicts, or weakens the behavior in this row. Keep if it follows that behavior when relevant.",TODO
320,6/12/26,"Assertions and Verification - Verify both the return value and any important side effects , but","Opus Behaviours, Unit Test Generation, Assertions and Verification","Verify both the return value and any important side effects (e.g., database writes, file modifications, events emitted), but do not over-assert on irrelevant state.","Reject if the response ignores, contradicts, or weakens the behavior in this row. Keep if it follows that behavior when relevant.",TODO
321,6/12/26,"Assertions and Verification - When testing exceptions, verify both the exception type and the error message","Opus Behaviours, Unit Test Generation, Assertions and Verification","When testing exceptions, verify both the exception type and the error message (or key contents of it) to ensure the right error is raised for the right reason.","Reject if the response ignores, contradicts, or weakens the behavior in this row. Keep if it follows that behavior when relevant.",TODO
322,6/12/26,Assertions and Verification - Include negative assertions where appropriate  -  verifying that something did not happen,"Opus Behaviours, Unit Test Generation, Assertions and Verification",Include negative assertions where appropriate  -  verifying that something did not happen can be as important as verifying that something did.,"Reject if the response ignores, contradicts, or weakens the behavior in this row. Keep if it follows that behavior when relevant.",TODO
323,6/12/26,"Assertions and Verification - Verify the type, shape, or structure of return values  in addition to","Opus Behaviours, Unit Test Generation, Assertions and Verification","Verify the type, shape, or structure of return values (e.g., list vs. generator, expected dictionary keys, DataFrame columns) in addition to their content.","Reject if the response ignores, contradicts, or weakens the behavior in this row. Keep if it follows that behavior when relevant.",TODO
324,6/12/26,"Mocking and Test Doubles - Mock external dependencies  to keep unit tests fast, deterministic, and isolated","Opus Behaviours, Unit Test Generation, Mocking and Test Doubles","Mock external dependencies (network calls, databases, file systems, third-party APIs, time/clock) to keep unit tests fast, deterministic, and isolated.","Reject if the response ignores, contradicts, or weakens the behavior in this row. Keep if it follows that behavior when relevant.",TODO
325,6/12/26,Mocking and Test Doubles - Mock at the right level of abstraction  -  mock the interface the,"Opus Behaviours, Unit Test Generation, Mocking and Test Doubles","Mock at the right level of abstraction  -  mock the interface the code under test interacts with, not deep internal implementation details.","Reject if the response ignores, contradicts, or weakens the behavior in this row. Keep if it follows that behavior when relevant.",TODO
326,6/12/26,Mocking and Test Doubles - Verify that mocks are called with the expected arguments when the interaction,"Opus Behaviours, Unit Test Generation, Mocking and Test Doubles",Verify that mocks are called with the expected arguments when the interaction is part of the contract being tested.,"Reject if the response ignores, contradicts, or weakens the behavior in this row. Keep if it follows that behavior when relevant.",TODO
327,6/12/26,Mocking and Test Doubles - Avoid excessive mocking that makes the test tautological,"Opus Behaviours, Unit Test Generation, Mocking and Test Doubles","Avoid excessive mocking that makes the test tautological (testing that your mocks work, not that the code works). If you need to mock everything, the unit may be too tightly coupled.",Reject if the response violates the prohibition in this row. Keep if it complies with that prohibition when relevant.,TODO
329,6/12/26,"Mocking and Test Doubles - When using mock return values, use realistic data that exercises the code","Opus Behaviours, Unit Test Generation, Mocking and Test Doubles","When using mock return values, use realistic data that exercises the code path properly, not arbitrary placeholder values.","Reject if the response ignores, contradicts, or weakens the behavior in this row. Keep if it follows that behavior when relevant.",TODO
330,6/12/26,Test Data and Fixtures - Use realistic but deterministic test data,"Opus Behaviours, Unit Test Generation, Test Data and Fixtures","Use realistic but deterministic test data. Avoid randomness in tests unless specifically testing stochastic behaviour (and even then, use fixed seeds).","Reject if the response ignores, contradicts, or weakens the behavior in this row. Keep if it follows that behavior when relevant.",TODO
334,6/12/26,"Test Data and Fixtures - When testing with files, databases, or other external resources, use temporary/in-memory versions","Opus Behaviours, Unit Test Generation, Test Data and Fixtures","When testing with files, databases, or other external resources, use temporary/in-memory versions and clean up after the test.","Reject if the response ignores, contradicts, or weakens the behavior in this row. Keep if it follows that behavior when relevant.",TODO
335,6/12/26,Following Project Conventions - Match the project's existing test framework  and assertion style rather than introducing,"Opus Behaviours, Unit Test Generation, Following Project Conventions","Match the project's existing test framework (pytest, unittest, etc.) and assertion style rather than introducing a different one.","Reject if the response ignores, contradicts, or weakens the behavior in this row. Keep if it follows that behavior when relevant.",TODO
336,6/12/26,Following Project Conventions - Place test files in the expected location,"Opus Behaviours, Unit Test Generation, Following Project Conventions","Place test files in the expected location (e.g., `tests/` directory mirroring the source structure, or co-located with source files if that is the convention).","Reject if the response ignores, contradicts, or weakens the behavior in this row. Keep if it follows that behavior when relevant.",TODO
338,6/12/26,"Following Project Conventions - If the project has custom test utilities, base classes, or helpers that","Opus Behaviours, Unit Test Generation, Following Project Conventions","If the project has custom test utilities, base classes, or helpers that are visible in the provided context, use them rather than reinventing equivalent functionality.","Reject if the response ignores, contradicts, or weakens the behavior in this row. Keep if it follows that behavior when relevant.",TODO
339,6/12/26,"Following Project Conventions - When execution capability is available, run the test suite after writing tests","Opus Behaviours, Unit Test Generation, Following Project Conventions","When execution capability is available, run the test suite after writing tests to verify they pass and do not break existing tests.","Reject if the response ignores, contradicts, or weakens the behavior in this row. Keep if it follows that behavior when relevant.",TODO
340,6/12/26,"Following Project Conventions - When generating tests for non-Python code, use the idiomatic testing framework and","Opus Behaviours, Unit Test Generation, Following Project Conventions","When generating tests for non-Python code, use the idiomatic testing framework and assertion style for that language (e.g., JUnit for Java, Jest for JavaScript, Google Test for C++, go test for Go).","Reject if the response ignores, contradicts, or weakens the behavior in this row. Keep if it follows that behavior when relevant.",TODO
343,6/12/26,Test Quality and Maintainability - Do not write tests that always pass regardless of the code's behaviour,"Opus Behaviours, Unit Test Generation, Test Quality and Maintainability","Do not write tests that always pass regardless of the code's behaviour (e.g., empty test bodies, assertions on constants). Every test should be capable of failing.",Reject if the response violates the prohibition in this row. Keep if it complies with that prohibition when relevant.,TODO
345,6/12/26,"Test Quality and Maintainability - When generating tests for code that already has an existing test file,","Opus Behaviours, Unit Test Generation, Test Quality and Maintainability","When generating tests for code that already has an existing test file, review existing tests for staleness and flag (but do not silently delete) any that appear to test removed functionality.","Reject if the response ignores, contradicts, or weakens the behavior in this row. Keep if it follows that behavior when relevant.",TODO
347,6/12/26,"Test Quality and Maintainability - When feasible, verify that tests actually detect regressions  -  a test that","Opus Behaviours, Unit Test Generation, Test Quality and Maintainability","When feasible, verify that tests actually detect regressions  -  a test that passes regardless of whether the code is correct has no value. Consider whether temporarily breaking the code under test would cause the test to fail.","Reject if the response ignores, contradicts, or weakens the behavior in this row. Keep if it follows that behavior when relevant.",TODO
348,6/12/26,Test Quality and Maintainability - Always ensure the generated test file is syntactically valid and all imports,"Opus Behaviours, Unit Test Generation, Test Quality and Maintainability","Always ensure the generated test file is syntactically valid and all imports resolve correctly.","Reject if the response ignores, contradicts, or weakens the behavior in this row. Keep if it follows that behavior when relevant.",TODO
349,6/12/26,Performance and Practicality - Keep unit tests fast  -  they should run in milliseconds to low,"Opus Behaviours, Unit Test Generation, Performance and Practicality",Keep unit tests fast  -  they should run in milliseconds to low hundreds of milliseconds. Slow tests reduce developer productivity and get skipped.,"Reject if the response ignores, contradicts, or weakens the behavior in this row. Keep if it follows that behavior when relevant.",TODO
351,6/12/26,"Performance and Practicality - Do not make network calls, spawn subprocesses, or perform heavy I/O in","Opus Behaviours, Unit Test Generation, Performance and Practicality","Do not make network calls, spawn subprocesses, or perform heavy I/O in unit tests. These belong in integration or end-to-end tests.",Reject if the response violates the prohibition in this row. Keep if it complies with that prohibition when relevant.,TODO
352,6/12/26,"Performance and Practicality - When generating a large number of parametrised test cases, ensure the combinatorial","Opus Behaviours, Unit Test Generation, Performance and Practicality","When generating a large number of parametrised test cases, ensure the combinatorial explosion is intentional and valuable, not accidental.","Reject if the response ignores, contradicts, or weakens the behavior in this row. Keep if it follows that behavior when relevant.",TODO
